Date,ShortVolume,ShortExemptVolume,TotalVolume
2020-05-01,338456.0,6337.0,625515.0
2020-04-30,316352.0,2338.0,589222.0
2020-04-29,849773.0,12712.0,1346423.0
2020-04-28,370898.0,1153.0,957601.0
2020-04-27,225281.0,436.0,487091.0
2020-04-24,248072.0,1699.0,488758.0
2020-04-23,204897.0,1519.0,385427.0
2020-04-22,285615.0,202.0,556114.0
2020-04-21,307335.0,412.0,557481.0
2020-04-20,228946.0,176.0,556142.0
2020-04-17,316853.0,2692.0,669052.0
2020-04-16,366465.0,465.0,665989.0
2020-04-15,253443.0,818.0,507419.0
2020-04-14,410934.0,3468.0,837666.0
2020-04-13,220379.0,525.0,550640.0
2020-04-09,266315.0,400.0,660181.0
2020-04-08,247403.0,112.0,434812.0
2020-04-07,356713.0,2670.0,799611.0
2020-04-06,441465.0,524.0,763361.0
2020-04-03,245792.0,200.0,629131.0
2020-04-02,313524.0,1680.0,752852.0
2020-04-01,330678.0,1156.0,705768.0
2020-03-31,389171.0,428.0,733205.0
2020-03-30,419341.0,3553.0,757570.0
2020-03-27,417735.0,1119.0,782678.0
2020-03-26,531193.0,526.0,936749.0
2020-03-25,563320.0,10086.0,1092697.0
2020-03-24,379436.0,1656.0,845980.0
2020-03-23,450216.0,962.0,1019118.0
2020-03-20,435821.0,781.0,834004.0
2020-03-19,427074.0,504.0,1082746.0
2020-03-18,603776.0,3382.0,1120624.0
2020-03-17,444722.0,16023.0,947285.0
2020-03-16,444974.0,28691.0,1158516.0
2020-03-13,448636.0,1115.0,882104.0
2020-03-12,526943.0,2564.0,1093357.0
2020-03-11,279023.0,270.0,635179.0
2020-03-10,294803.0,928.0,545466.0
2020-03-09,381312.0,2607.0,793131.0
2020-03-06,402379.0,2830.0,724411.0
2020-03-05,332014.0,610.0,589884.0
2020-03-04,192531.0,1637.0,550266.0
2020-03-03,287167.0,2085.0,553322.0
2020-03-02,330778.0,1749.0,565234.0
2020-02-28,438892.0,3050.0,846438.0
2020-02-27,348236.0,2020.0,682336.0
2020-02-26,261606.0,188.0,494819.0
2020-02-25,312869.0,3951.0,564666.0
2020-02-24,250876.0,1008.0,535110.0
2020-02-21,240326.0,984.0,401408.0
2020-02-20,124853.0,1998.0,292280.0
2020-02-19,121304.0,6804.0,236329.0
2020-02-18,127042.0,1006.0,274916.0
2020-02-14,100609.0,2594.0,334122.0
2020-02-13,113990.0,205.0,208541.0
2020-02-12,122105.0,170.0,215333.0
2020-02-11,258051.0,1829.0,429336.0
2020-02-10,213888.0,2884.0,417083.0
2020-02-07,197773.0,1372.0,335399.0
2020-02-06,219038.0,236.0,448702.0
2020-02-05,223835.0,1297.0,365389.0
2020-02-04,520694.0,884.0,1086902.0
2020-02-03,289886.0,1778.0,661916.0
2020-01-31,212421.0,396.0,477459.0
2020-01-30,123659.0,462.0,283196.0
2020-01-29,124640.0,389.0,232172.0
2020-01-28,127471.0,216.0,245718.0
2020-01-27,146753.0,4659.0,347431.0
2020-01-24,139234.0,500.0,314631.0
2020-01-23,87360.0,111.0,256622.0
2020-01-22,137217.0,110.0,234408.0
2020-01-21,159957.0,953.0,305657.0
2020-01-17,135549.0,1185.0,305164.0
2020-01-16,113059.0,426.0,224363.0
2020-01-15,72608.0,106.0,193247.0
2020-01-14,93060.0,293.0,212962.0
2020-01-13,310289.0,1322.0,422950.0
2020-01-10,131132.0,1332.0,288486.0
2020-01-09,153252.0,169.0,338814.0
2020-01-08,227199.0,2218.0,448943.0
2020-01-07,208062.0,781.0,451994.0
2020-01-06,191134.0,559.0,434582.0
2020-01-03,114415.0,209.0,209028.0
2020-01-02,139042.0,567.0,285897.0
2019-12-31,48863.0,598.0,147332.0
2019-12-30,66143.0,20.0,208078.0
2019-12-27,88934.0,1658.0,224216.0
2019-12-26,73553.0,100.0,143856.0
2019-12-24,187864.0,0.0,222861.0
2019-12-23,104856.0,4671.0,169669.0
2019-12-20,103534.0,1.0,262141.0
2019-12-19,87385.0,165.0,178252.0
2019-12-18,75663.0,200.0,204218.0
2019-12-17,99416.0,119.0,308661.0
2019-12-16,89527.0,1161.0,228991.0
2019-12-13,93332.0,503.0,211897.0
2019-12-12,94031.0,164.0,256637.0
2019-12-11,59464.0,234.0,158515.0
2019-12-10,62172.0,245.0,167808.0
2019-12-09,156609.0,96.0,313122.0
2019-12-06,122494.0,3458.0,306617.0
2019-12-05,124082.0,747.0,278817.0
2019-12-04,143357.0,510.0,347175.0
2019-12-03,84079.0,164.0,238337.0
2019-12-02,79633.0,1542.0,214814.0
2019-11-29,56504.0,3.0,165768.0
2019-11-27,58459.0,266.0,177727.0
2019-11-26,61048.0,8.0,165427.0
2019-11-25,66060.0,5.0,206904.0
2019-11-22,71438.0,988.0,185657.0
2019-11-21,82196.0,520.0,218027.0
2019-11-20,96324.0,1279.0,239621.0
2019-11-19,83772.0,4.0,214882.0
2019-11-18,103303.0,375.0,255729.0
2019-11-15,169269.0,2536.0,377829.0
2019-11-14,117053.0,660.0,401646.0
2019-11-13,44358.0,317.0,152534.0
2019-11-12,84700.0,696.0,242852.0
2019-11-11,71752.0,1104.0,163601.0
2019-11-08,103948.0,1117.0,385410.0
2019-11-07,166105.0,738.0,404749.0
2019-11-06,99213.0,0.0,231316.0
2019-11-05,113146.0,1463.0,263250.0
2019-11-04,100382.0,1023.0,277167.0
2019-11-01,113356.0,2319.0,243484.0
2019-10-31,128791.0,368.0,271080.0
2019-10-30,129577.0,1844.0,312872.0
2019-10-29,295762.0,1697.0,655331.0
2019-10-28,240486.0,592.0,782523.0
2019-10-25,118114.0,1174.0,311416.0
2019-10-24,70135.0,1582.0,234627.0
2019-10-23,95845.0,0.0,271182.0
2019-10-22,94703.0,130.0,309088.0
2019-10-21,46571.0,310.0,192795.0
2019-10-18,95261.0,236.0,265649.0
2019-10-17,98670.0,1108.0,271453.0
2019-10-16,61288.0,410.0,273433.0
2019-10-15,80877.0,1111.0,230421.0
2019-10-14,32350.0,629.0,115007.0
2019-10-11,68786.0,1176.0,186907.0
2019-10-10,44706.0,205.0,131316.0
2019-10-09,46180.0,12.0,147894.0
2019-10-08,81248.0,26.0,176230.0
2019-10-07,75407.0,45.0,170234.0
2019-10-04,109483.0,191.0,220241.0
2019-10-03,98706.0,522.0,276023.0
2019-10-02,114099.0,271.0,365531.0
2019-10-01,71303.0,318.0,280396.0
2019-09-30,69798.0,762.0,248234.0
2019-09-27,120640.0,115.0,505506.0
2019-09-26,82771.0,329.0,208739.0
2019-09-25,118402.0,603.0,275094.0
2019-09-24,110547.0,828.0,353438.0
2019-09-23,71915.0,1144.0,181937.0
2019-09-20,73087.0,21.0,256985.0
2019-09-19,54569.0,461.0,202305.0
2019-09-18,66731.0,92.0,164057.0
2019-09-17,60690.0,18.0,198592.0
2019-09-16,53761.0,332.0,214131.0
2019-09-13,100106.0,378.0,205807.0
2019-09-12,172353.0,2661.0,385045.0
2019-09-11,82987.0,529.0,285587.0
2019-09-10,125156.0,45.0,370698.0
2019-09-09,123110.0,1023.0,399271.0
2019-09-06,66153.0,504.0,204843.0
2019-09-05,69638.0,274.0,256492.0
2019-09-04,71463.0,195.0,229537.0
2019-09-03,111894.0,109.0,378265.0
2019-08-30,70838.0,381.0,136504.0
2019-08-29,85245.0,665.0,221046.0
2019-08-28,50851.0,661.0,133301.0
2019-08-27,94353.0,636.0,222269.0
2019-08-26,79497.0,911.0,207870.0
2019-08-23,183664.0,309.0,339694.0
2019-08-22,90695.0,17.0,195377.0
2019-08-21,80411.0,330.0,169151.0
2019-08-20,102493.0,181.0,177192.0
2019-08-19,163042.0,142.0,297830.0
2019-08-16,101489.0,43.0,213656.0
2019-08-15,131480.0,163.0,309298.0
2019-08-14,170489.0,182.0,475267.0
2019-08-13,132440.0,1223.0,285300.0
2019-08-12,105962.0,2364.0,213574.0
2019-08-09,86924.0,1137.0,204146.0
2019-08-08,105459.0,5.0,250985.0
2019-08-07,154356.0,221.0,283771.0
2019-08-06,198887.0,8.0,371731.0
2019-08-05,257292.0,123.0,529093.0
2019-08-02,168701.0,1649.0,381194.0
2019-08-01,189957.0,2520.0,362955.0
2019-07-31,154170.0,1251.0,351895.0
2019-07-30,98394.0,388.0,281665.0
2019-07-29,204969.0,2231.0,447072.0
2019-07-26,632728.0,6816.0,1229436.0
2019-07-25,278816.0,1464.0,519654.0
2019-07-24,114810.0,308.0,303328.0
2019-07-23,131248.0,1697.0,264968.0
2019-07-22,130241.0,2531.0,302727.0
2019-07-19,101097.0,850.0,217160.0
2019-07-18,115115.0,2581.0,252089.0
2019-07-17,127045.0,295.0,231153.0
2019-07-16,145553.0,489.0,282068.0
2019-07-15,138998.0,70.0,224606.0
2019-07-12,100027.0,569.0,217077.0
2019-07-11,131601.0,507.0,276150.0
2019-07-10,134983.0,819.0,299285.0
2019-07-09,130560.0,312.0,306049.0
2019-07-08,120616.0,420.0,275044.0
2019-07-05,157827.0,213.0,269578.0
2019-07-03,90624.0,411.0,233958.0
2019-07-02,102620.0,1865.0,218500.0
2019-07-01,111578.0,1400.0,271610.0
2019-06-28,107759.0,20.0,262704.0
2019-06-27,129478.0,32.0,262911.0
2019-06-26,179294.0,100.0,380065.0
2019-06-25,140474.0,2504.0,398503.0
2019-06-24,78511.0,267.0,219214.0
2019-06-21,182247.0,1195.0,367077.0
2019-06-20,124210.0,564.0,227195.0
2019-06-19,116095.0,0.0,248343.0
2019-06-18,162972.0,55.0,333994.0
2019-06-17,89432.0,558.0,261132.0
2019-06-14,107768.0,16028.0,194907.0
2019-06-13,111445.0,173.0,242877.0
2019-06-12,130622.0,487.0,274767.0
2019-06-11,162366.0,69.0,382449.0
2019-06-10,150483.0,266.0,346693.0
2019-06-07,136665.0,607.0,583415.0
2019-06-06,171610.0,406.0,450883.0
2019-06-05,214510.0,1048.0,525042.0
2019-06-04,365909.0,2050.0,812592.0
2019-06-03,496882.0,1533.0,1294640.0
2019-05-31,147897.0,309.0,329239.0
2019-05-30,81643.0,147.0,229455.0
2019-05-29,126205.0,1418.0,418370.0
2019-05-28,93406.0,27.0,207928.0
2019-05-24,98674.0,21.0,189074.0
2019-05-23,166107.0,40.0,285030.0
2019-05-22,87111.0,101.0,163397.0
2019-05-21,109407.0,70.0,210770.0
2019-05-20,164489.0,67.0,282450.0
2019-05-17,155078.0,25.0,271560.0
2019-05-16,248653.0,16.0,466537.0
2019-05-15,427132.0,2.0,744280.0
2019-05-14,256114.0,52.0,452932.0
2019-05-13,300945.0,3396.0,557186.0
2019-05-10,211990.0,208.0,376121.0
2019-05-09,172740.0,807.0,356805.0
2019-05-08,130285.0,573.0,271369.0
2019-05-07,159359.0,1315.0,387862.0
2019-05-06,208428.0,289.0,387018.0
2019-05-03,230217.0,352.0,504426.0
2019-05-02,246250.0,952.0,566290.0
2019-05-01,303929.0,1451.0,1174812.0
2019-04-30,723296.0,4570.0,1632696.0
2019-04-29,307551.0,216.0,713708.0
2019-04-26,146944.0,74.0,323931.0
2019-04-25,174616.0,72.0,380145.0
2019-04-24,119571.0,485.0,234198.0
2019-04-23,187538.0,420.0,366321.0
2019-04-22,98277.0,30.0,228278.0
2019-04-18,96216.0,205.0,197717.0
2019-04-17,112289.0,228.0,334072.0
2019-04-16,85546.0,417.0,252880.0
2019-04-15,81962.0,1360.0,260889.0
2019-04-12,113733.0,729.0,230100.0
2019-04-11,81701.0,230.0,217330.0
2019-04-10,79142.0,22.0,190882.0
2019-04-09,73020.0,1157.0,195486.0
2019-04-08,68733.0,57.0,246085.0
2019-04-05,71431.0,450.0,234627.0
2019-04-04,88662.0,8.0,203817.0
2019-04-03,89187.0,51.0,215638.0
2019-04-02,81445.0,556.0,193849.0
2019-04-01,97458.0,377.0,308817.0
2019-03-29,80996.0,745.0,240761.0
2019-03-28,81245.0,348.0,250783.0
2019-03-27,87395.0,1009.0,294306.0
2019-03-26,119738.0,62.0,289400.0
2019-03-25,74777.0,224.0,244171.0
2019-03-22,107161.0,591.0,352875.0
2019-03-21,145789.0,122.0,336211.0
2019-03-20,194591.0,701.0,500744.0
2019-03-19,141221.0,1381.0,325219.0
2019-03-18,103203.0,139.0,279952.0
2019-03-15,190311.0,1.0,435260.0
2019-03-14,94240.0,311.0,276731.0
2019-03-13,88468.0,499.0,269161.0
2019-03-12,221907.0,123.0,447556.0
2019-03-11,97862.0,1555.0,245931.0
2019-03-08,102256.0,0.0,246376.0
2019-03-07,136268.0,1123.0,293021.0
2019-03-06,104823.0,719.0,244107.0
2019-03-05,193316.0,458.0,420734.0
2019-03-04,153096.0,1481.0,370446.0
2019-03-01,172642.0,1559.0,363439.0
2019-02-28,141770.0,101.0,291929.0
2019-02-27,122792.0,404.0,259664.0
2019-02-26,195168.0,441.0,430947.0
2019-02-25,129106.0,132.0,268366.0
2019-02-22,106613.0,69.0,306362.0
2019-02-21,104552.0,223.0,348550.0
2019-02-20,88057.0,837.0,277333.0
2019-02-19,54106.0,892.0,208986.0
2019-02-15,71520.0,105.0,248078.0
2019-02-14,90430.0,42.0,240882.0
2019-02-13,94979.0,231.0,252099.0
2019-02-12,142091.0,196.0,389048.0
2019-02-11,63813.0,2224.0,182825.0
2019-02-08,97543.0,1092.0,244996.0
2019-02-07,176723.0,323.0,420491.0
2019-02-06,253057.0,119.0,580092.0
2019-02-05,471664.0,236.0,1060315.0
2019-02-04,384057.0,453.0,756079.0
2019-02-01,184157.0,207.0,339829.0
2019-01-31,247096.0,1041.0,469207.0
2019-01-30,108630.0,31.0,316712.0
2019-01-29,60558.0,90.0,237123.0
2019-01-28,126069.0,17.0,283975.0
2019-01-25,109123.0,680.0,244463.0
2019-01-24,110496.0,184.0,310978.0
2019-01-23,134478.0,30.0,288774.0
2019-01-22,113046.0,1392.0,350015.0
2019-01-18,175427.0,107.0,417498.0
2019-01-17,155788.0,87.0,273662.0
2019-01-16,200665.0,285.0,452333.0
2019-01-15,195051.0,7.0,448945.0
2019-01-14,130676.0,24.0,306514.0
2019-01-11,128402.0,78.0,366375.0
2019-01-10,114133.0,335.0,286223.0
2019-01-09,135511.0,200.0,288582.0
2019-01-08,156190.0,58.0,372295.0
2019-01-07,193794.0,31.0,683689.0
2019-01-04,208995.0,64.0,454797.0
2019-01-03,160895.0,95.0,401244.0
2019-01-02,144906.0,227.0,343725.0
2018-12-31,99368.0,230.0,315888.0
2018-12-28,141102.0,156.0,377256.0
2018-12-27,182203.0,29.0,430002.0
2018-12-26,204420.0,137.0,487265.0
2018-12-24,172749.0,425.0,440748.0
2018-12-21,345608.0,1351.0,849341.0
2018-12-20,203910.0,823.0,561949.0
2018-12-19,305632.0,256.0,607601.0
2018-12-18,203811.0,31.0,444605.0
2018-12-17,142884.0,124.0,481494.0
2018-12-14,87782.0,55.0,335557.0
2018-12-13,78883.0,185.0,227693.0
2018-12-12,93497.0,213.0,290834.0
2018-12-11,161417.0,70.0,400667.0
2018-12-10,151988.0,40.0,368523.0
2018-12-07,186555.0,93.0,446841.0
2018-12-06,152659.0,366.0,501719.0
2018-12-04,192068.0,88.0,514396.0
2018-12-03,163980.0,109.0,467178.0
2018-11-30,189953.0,31.0,430766.0
2018-11-29,140061.0,52.0,360610.0
2018-11-28,224626.0,60.0,489530.0
2018-11-27,137200.0,102.0,291967.0
2018-11-26,126054.0,557.0,311551.0
2018-11-23,64740.0,37.0,150849.0
2018-11-21,130867.0,866.0,300491.0
2018-11-20,155747.0,1173.0,535458.0
2018-11-19,138116.0,232.0,516324.0
2018-11-16,166192.0,239.0,356742.0
2018-11-15,125858.0,490.0,360229.0
2018-11-14,104936.0,62.0,291771.0
2018-11-13,110816.0,587.0,285577.0
2018-11-12,110861.0,52.0,334753.0
2018-11-09,127458.0,348.0,286536.0
2018-11-08,121279.0,7.0,372771.0
2018-11-07,186682.0,18.0,429745.0
2018-11-06,126943.0,533.0,310933.0
2018-11-05,166091.0,165.0,415916.0
2018-11-02,159925.0,138.0,527338.0
2018-11-01,132994.0,87.0,367252.0
2018-10-31,330394.0,143.0,803904.0
2018-10-30,254760.0,1003.0,591880.0
2018-10-29,377697.0,954.0,880939.0
2018-10-26,548323.0,4259.0,1267502.0
2018-10-25,371907.0,35.0,755041.0
2018-10-24,186005.0,544.0,472078.0
2018-10-23,154113.0,243.0,376888.0
2018-10-22,76591.0,6.0,211523.0
2018-10-19,108648.0,42.0,380418.0
2018-10-18,128980.0,70.0,478992.0
2018-10-17,79341.0,104.0,295440.0
2018-10-16,111515.0,492.0,393295.0
2018-10-15,155978.0,172.0,358689.0
2018-10-12,215724.0,168.0,506992.0
2018-10-11,315249.0,258.0,826060.0
2018-10-10,220843.0,1076.0,685384.0
2018-10-09,130804.0,725.0,373928.0
2018-10-08,208989.0,504.0,510255.0
2018-10-05,118737.0,191.0,322260.0
2018-10-04,236504.0,696.0,494726.0
2018-10-03,83596.0,53.0,250900.0
2018-10-02,147862.0,52.0,377858.0
2018-10-01,88566.0,0.0,263017.0
2018-09-28,137465.0,500.0,304584.0
2018-09-27,145963.0,4.0,327282.0
2018-09-26,155113.0,1657.0,418117.0
2018-09-25,116523.0,15.0,314253.0
2018-09-24,99797.0,6.0,352040.0
2018-09-21,139619.0,0.0,395026.0
2018-09-20,133469.0,2502.0,310159.0
2018-09-19,95708.0,28.0,298159.0
2018-09-18,85472.0,11.0,326006.0
2018-09-17,129632.0,12.0,345415.0
2018-09-14,86873.0,6.0,262829.0
2018-09-13,166680.0,400.0,477049.0
2018-09-12,136705.0,10.0,364645.0
2018-09-11,189447.0,33.0,374162.0
2018-09-10,87079.0,19.0,278085.0
2018-09-07,175004.0,82.0,403183.0
2018-09-06,207539.0,10.0,648164.0
2018-09-05,213580.0,163.0,615772.0
2018-09-04,128393.0,535.0,516915.0
2018-08-31,144175.0,124.0,440090.0
2018-08-30,155246.0,606.0,365630.0
2018-08-29,139675.0,352.0,500164.0
2018-08-28,92244.0,12.0,303328.0
2018-08-27,121267.0,159.0,322310.0
2018-08-24,107065.0,10.0,272831.0
2018-08-23,74443.0,907.0,216699.0
2018-08-22,63208.0,187.0,266336.0
2018-08-21,106295.0,2546.0,259889.0
2018-08-20,95917.0,366.0,259940.0
2018-08-17,129891.0,496.0,386307.0
2018-08-16,106043.0,63.0,411455.0
2018-08-15,204461.0,127.0,486356.0
2018-08-14,114635.0,30.0,295872.0
2018-08-13,144367.0,62.0,300725.0
2018-08-10,116883.0,622.0,298450.0
2018-08-09,148697.0,37.0,313452.0
2018-08-08,192842.0,688.0,379090.0
2018-08-07,206333.0,84.0,535010.0
2018-08-06,79439.0,127.0,269847.0
2018-08-03,99603.0,165.0,221537.0
2018-08-02,183024.0,15.0,420135.0
2018-08-01,190880.0,247.0,421949.0
2018-07-31,153929.0,426.0,487976.0
2018-07-30,175442.0,431.0,591812.0
2018-07-27,228220.0,62.0,594473.0
2018-07-26,343985.0,1058.0,763876.0
2018-07-25,245507.0,52.0,582661.0
2018-07-24,629466.0,1863.0,1399741.0
2018-07-23,243394.0,6.0,680999.0
2018-07-20,186587.0,91.0,425746.0
2018-07-19,110243.0,59.0,312170.0
2018-07-18,215215.0,8799.0,471292.0
2018-07-17,196339.0,362.0,460192.0
2018-07-16,105021.0,807.0,341155.0
2018-07-13,136428.0,329.0,390722.0
2018-07-11,207686.0,579.0,418362.0
2018-07-10,108000.0,345.0,290355.0
2018-07-09,85600.0,249.0,244170.0
2018-07-06,94906.0,268.0,253695.0
2018-07-05,159251.0,166.0,362982.0
2018-07-03,70980.0,2.0,210243.0
2018-07-02,119306.0,19.0,326651.0
2018-06-28,142290.0,635.0,384081.0
2018-06-27,175335.0,1076.0,434598.0
2018-06-26,168784.0,109.0,374539.0
2018-06-25,279539.0,599.0,822971.0
2018-06-22,149060.0,421.0,354888.0
2018-06-21,208108.0,242.0,478195.0
2018-06-20,297473.0,264.0,700977.0
2018-06-19,210840.0,67.0,610101.0
2018-06-18,196404.0,102.0,474974.0
2018-06-15,133854.0,51.0,308783.0
2018-06-14,249587.0,0.0,498917.0
2018-06-13,188462.0,242.0,361692.0
2018-06-12,89741.0,399.0,243693.0
2018-06-11,149197.0,91.0,332644.0
2018-06-08,169248.0,45.0,321373.0
2018-06-07,194443.0,176.0,599132.0
2018-06-06,237729.0,348.0,446830.0
2018-06-05,233979.0,1273.0,410790.0
2018-06-04,449734.0,1432.0,748629.0
2018-06-01,619319.0,1413.0,894573.0
2018-05-31,451437.0,49.0,891008.0
2018-05-30,212516.0,37.0,398337.0
2018-05-29,187535.0,180.0,371553.0
2018-05-25,110060.0,1402.0,216958.0
2018-05-24,130101.0,329.0,282789.0
2018-05-23,137716.0,197.0,294987.0
2018-05-22,123842.0,236.0,231760.0
2018-05-21,162399.0,712.0,326653.0
2018-05-18,202475.0,1238.0,398308.0
2018-05-17,168553.0,14.0,289898.0
2018-05-16,166335.0,116.0,271091.0
2018-05-15,242694.0,329.0,441287.0
2018-05-14,289512.0,3.0,559975.0
2018-05-11,200647.0,1228.0,388387.0
2018-05-10,277387.0,1403.0,513174.0
2018-05-09,302983.0,654.0,545341.0
2018-05-08,166692.0,51.0,302397.0
2018-05-07,212763.0,1501.0,418454.0
2018-05-04,268960.0,116.0,520187.0
2018-05-03,199495.0,192.0,466551.0
2018-05-02,164410.0,829.0,347081.0
2018-05-01,269811.0,253.0,461556.0
2018-04-30,173616.0,874.0,317564.0
2018-04-27,301968.0,1174.0,536943.0
2018-04-26,288283.0,102.0,608976.0
2018-04-25,373328.0,264.0,775612.0
2018-04-24,1018410.0,301.0,1847782.0
2018-04-23,384325.0,384.0,748175.0
2018-04-20,250623.0,863.0,508837.0
2018-04-19,257770.0,135.0,422347.0
2018-04-18,171876.0,133.0,376039.0
2018-04-17,293762.0,56.0,564848.0
2018-04-16,118609.0,160.0,270219.0
2018-04-13,126488.0,76.0,285201.0
2018-04-12,166425.0,131.0,379803.0
2018-04-11,222814.0,123.0,422270.0
2018-04-10,238056.0,406.0,440420.0
2018-04-09,191738.0,713.0,382492.0
2018-04-06,245529.0,489.0,473067.0
2018-04-05,205688.0,204.0,453864.0
2018-04-04,335478.0,565.0,594292.0
2018-04-03,360850.0,2434.0,889937.0
2018-04-02,435563.0,2502.0,884125.0
2018-03-29,419868.0,5314.0,807256.0
2018-03-28,504749.0,319.0,962483.0
2018-03-27,395548.0,1654.0,780736.0
2018-03-26,384620.0,525.0,920530.0
2018-03-23,307210.0,2451.0,603188.0
2018-03-22,412023.0,1754.0,953488.0
2018-03-21,229939.0,327.0,477844.0
2018-03-20,365408.0,172.0,752173.0
2018-03-19,402188.0,1268.0,847872.0
2018-03-16,254096.0,448.0,471580.0
2018-03-15,197824.0,1384.0,385637.0
2018-03-14,243886.0,1192.0,484082.0
2018-03-13,259263.0,789.0,517442.0
2018-03-12,225629.0,358.0,465169.0
2018-03-09,226785.0,1035.0,459325.0
2018-03-08,167098.0,973.0,303785.0
2018-03-07,171038.0,248.0,318733.0
2018-03-06,129530.0,158.0,252887.0
2018-03-05,172659.0,2166.0,330571.0
2018-03-02,293959.0,1322.0,642403.0
2018-03-01,220478.0,397.0,655078.0
2018-02-28,236474.0,91.0,507240.0
2018-02-27,222761.0,313.0,490260.0
2018-02-26,163795.0,907.0,380145.0
2018-02-23,129882.0,237.0,246832.0
2018-02-22,133136.0,915.0,272118.0
2018-02-21,337350.0,595.0,639279.0
2018-02-20,159955.0,443.0,363461.0
2018-02-16,208394.0,508.0,477045.0
2018-02-15,214751.0,442.0,463225.0
2018-02-14,196436.0,382.0,419099.0
2018-02-13,131899.0,79.0,308473.0
2018-02-12,196195.0,305.0,573601.0
2018-02-09,500243.0,2161.0,1333747.0
2018-02-08,302598.0,2983.0,807640.0
2018-02-07,215365.0,209.0,691318.0
2018-02-06,362485.0,4011.0,1019815.0
2018-02-05,356916.0,4477.0,1094758.0
2018-02-02,664506.0,1486.0,1581488.0
2018-02-01,207691.0,512.0,562927.0
2018-01-31,103593.0,34.0,336664.0
2018-01-30,106410.0,98.0,322316.0
2018-01-29,155453.0,92.0,378567.0
2018-01-26,150270.0,281.0,485514.0
2018-01-25,157234.0,337.0,405289.0
2018-01-24,156219.0,3454.0,429680.0
2018-01-23,164841.0,207.0,405015.0
2018-01-22,133427.0,752.0,417296.0
2018-01-19,76897.0,276.0,267649.0
2018-01-18,88516.0,1712.0,310726.0
2018-01-17,81315.0,372.0,323784.0
2018-01-16,181307.0,1490.0,456637.0
2018-01-12,216544.0,561.0,564933.0
2018-01-11,71912.0,995.0,290790.0
2018-01-10,87548.0,291.0,257564.0
2018-01-09,145721.0,475.0,323589.0
2018-01-08,133285.0,172.0,325936.0
2018-01-05,153537.0,102.0,426774.0
2018-01-04,119409.0,188.0,329374.0
2018-01-03,174542.0,239.0,442587.0
2018-01-02,96299.0,409.0,360527.0
2017-12-29,78363.0,854.0,211468.0
2017-12-28,86578.0,528.0,207790.0
2017-12-27,71267.0,1170.0,216765.0
2017-12-26,76011.0,269.0,265055.0
2017-12-22,77944.0,687.0,189973.0
2017-12-21,102526.0,850.0,313610.0
2017-12-20,124543.0,93.0,339378.0
2017-12-19,104690.0,1623.0,358306.0
2017-12-18,133361.0,1277.0,357763.0
2017-12-15,242411.0,632.0,547140.0
2017-12-14,122715.0,154.0,406830.0
2017-12-13,83073.0,4399.0,312676.0
2017-12-12,144872.0,4.0,440862.0
2017-12-11,69048.0,116.0,212059.0
2017-12-08,107284.0,539.0,314420.0
2017-12-07,156308.0,449.0,384422.0
2017-12-06,110335.0,234.0,337140.0
2017-12-05,219618.0,432.0,542107.0
2017-12-04,180607.0,6460.0,566919.0
2017-11-30,120390.0,160.0,433041.0
2017-11-29,316897.0,1437.0,730244.0
2017-11-28,214594.0,1498.0,475799.0
2017-11-27,249640.0,2918.0,435919.0
2017-11-24,139944.0,845.0,320898.0
2017-11-22,116584.0,629.0,222000.0
2017-11-21,145816.0,5409.0,274779.0
2017-11-20,74446.0,3183.0,200042.0
2017-11-17,93362.0,1892.0,279816.0
2017-11-16,90371.0,2969.0,242211.0
2017-11-15,74772.0,3273.0,221185.0
2017-11-14,80142.0,3177.0,264341.0
2017-11-13,72035.0,984.0,297168.0
2017-11-10,118928.0,483.0,261837.0
2017-11-09,215964.0,1867.0,513083.0
2017-11-08,166416.0,3040.0,333660.0
2017-11-07,198656.0,3151.0,351139.0
2017-11-06,128684.0,2850.0,243882.0
2017-11-03,159549.0,2612.0,319543.0
2017-11-02,179455.0,1687.0,363956.0
2017-11-01,245243.0,2260.0,481780.0
2017-10-31,187870.0,1207.0,381262.0
2017-10-30,288162.0,2027.0,695505.0
2017-10-27,393841.0,3531.0,1583233.0
2017-10-26,195585.0,3065.0,526206.0
2017-10-25,142279.0,3428.0,377879.0
2017-10-24,107468.0,557.0,363436.0
2017-10-23,133576.0,1736.0,517032.0
2017-10-20,184450.0,976.0,392884.0
2017-10-19,140264.0,2494.0,583940.0
2017-10-18,116161.0,1815.0,355050.0
2017-10-17,117937.0,638.0,259944.0
2017-10-16,105483.0,627.0,321566.0
2017-10-13,207605.0,822.0,370256.0
2017-10-12,274980.0,2479.0,521890.0
2017-10-11,281094.0,3173.0,526915.0
2017-10-10,137739.0,710.0,293530.0
2017-10-09,154164.0,1513.0,303984.0
2017-10-06,255474.0,2116.0,448679.0
2017-10-05,204238.0,9106.0,427363.0
2017-10-04,100065.0,2814.0,202925.0
2017-10-03,152472.0,1418.0,308324.0
2017-10-02,182271.0,778.0,423178.0
2017-09-29,278075.0,2087.0,546905.0
2017-09-28,190474.0,1114.0,390160.0
2017-09-27,284765.0,3206.0,699911.0
2017-09-26,115649.0,1200.0,494375.0
2017-09-25,191950.0,2543.0,503263.0
2017-09-22,122318.0,2406.0,299511.0
2017-09-21,134686.0,787.0,320561.0
2017-09-20,213925.0,946.0,487331.0
2017-09-19,125698.0,403.0,343812.0
2017-09-18,120894.0,1235.0,401895.0
2017-09-15,127786.0,1348.0,374427.0
2017-09-14,148275.0,1376.0,331098.0
2017-09-13,128818.0,4264.0,336781.0
2017-09-12,108781.0,1894.0,282510.0
2017-09-11,115602.0,1060.0,387250.0
2017-09-08,153774.0,648.0,284827.0
2017-09-07,131434.0,707.0,262558.0
2017-09-06,146844.0,906.0,405762.0
2017-09-05,158797.0,701.0,384215.0
2017-09-01,149924.0,2976.0,288331.0
2017-08-31,211227.0,1111.0,422064.0
2017-08-30,123912.0,1253.0,266549.0
2017-08-29,119025.0,849.0,304295.0
2017-08-28,87199.0,306.0,227325.0
2017-08-25,120057.0,1661.0,286013.0
2017-08-24,102620.0,861.0,267397.0
2017-08-23,113973.0,1470.0,344514.0
2017-08-22,153478.0,404.0,485909.0
2017-08-21,81039.0,5153.0,400737.0
2017-08-18,115025.0,2495.0,375629.0
2017-08-17,151964.0,1870.0,404713.0
2017-08-16,119761.0,4112.0,324568.0
2017-08-15,94638.0,1162.0,218287.0
2017-08-14,100623.0,2143.0,284890.0
2017-08-11,148037.0,451.0,513706.0
2017-08-10,233710.0,3230.0,668351.0
2017-08-09,117170.0,3385.0,327635.0
2017-08-08,118002.0,2828.0,343295.0
2017-08-07,114615.0,1278.0,317330.0
2017-08-04,117332.0,854.0,289746.0
2017-08-03,75143.0,1923.0,237833.0
2017-08-02,170679.0,3724.0,581828.0
2017-08-01,123760.0,187.0,368626.0
2017-07-31,283743.0,2605.0,669634.0
2017-07-28,197366.0,1607.0,511951.0
2017-07-27,367390.0,2851.0,960572.0
2017-07-26,225353.0,5782.0,585412.0
2017-07-25,795515.0,8617.0,1773425.0
2017-07-24,260681.0,1852.0,1007929.0
2017-07-21,169181.0,338.0,361421.0
2017-07-20,215111.0,483.0,454264.0
2017-07-19,227424.0,1058.0,434397.0
2017-07-18,192000.0,2026.0,452773.0
2017-07-17,180003.0,1247.0,419828.0
2017-07-14,141268.0,230.0,309524.0
2017-07-13,197033.0,3951.0,441711.0
2017-07-12,182377.0,3110.0,419461.0
2017-07-11,184225.0,364.0,407575.0
2017-07-10,145223.0,630.0,376275.0
2017-07-07,212064.0,668.0,467304.0
2017-07-06,192425.0,891.0,503396.0
2017-07-05,214805.0,1072.0,556404.0
2017-07-03,187840.0,2393.0,533599.0
2017-06-30,190967.0,2630.0,591838.0
2017-06-29,318244.0,1640.0,893358.0
2017-06-28,302205.0,1420.0,750792.0
2017-06-27,241893.0,4072.0,634932.0
2017-06-26,175650.0,1160.0,444922.0
2017-06-23,165567.0,4334.0,338192.0
2017-06-22,99924.0,1514.0,235180.0
2017-06-21,129759.0,698.0,284336.0
2017-06-20,147610.0,2419.0,344734.0
2017-06-19,155182.0,2447.0,396276.0
2017-06-16,167418.0,4225.0,511788.0
2017-06-15,207817.0,6116.0,624679.0
2017-06-14,159664.0,1913.0,383051.0
2017-06-13,182494.0,920.0,533557.0
2017-06-12,298934.0,1609.0,1222198.0
2017-06-09,337385.0,1420.0,1054051.0
2017-06-08,106623.0,433.0,369444.0
2017-06-07,104146.0,763.0,396297.0
2017-06-06,164744.0,305.0,463353.0
2017-06-05,167008.0,493.0,472170.0
2017-06-02,114017.0,362.0,518673.0
2017-06-01,111067.0,1384.0,338284.0
2017-05-31,138093.0,2618.0,419556.0
2017-05-30,101757.0,1397.0,353142.0
2017-05-26,139462.0,2385.0,450293.0
2017-05-25,184271.0,1019.0,599960.0
2017-05-24,127491.0,2010.0,303405.0
2017-05-23,163785.0,780.0,448192.0
2017-05-22,142691.0,952.0,390155.0
2017-05-19,105087.0,1771.0,302991.0
2017-05-18,161184.0,504.0,431103.0
2017-05-17,213819.0,4389.0,628803.0
2017-05-16,112326.0,876.0,309042.0
2017-05-15,96261.0,663.0,303920.0
2017-05-12,97180.0,2027.0,287180.0
2017-05-11,104544.0,577.0,243478.0
2017-05-10,95414.0,1385.0,301918.0
2017-05-09,149771.0,1093.0,613151.0
2017-05-08,219531.0,2022.0,468929.0
2017-05-05,231003.0,3510.0,426601.0
2017-05-04,357981.0,2387.0,583372.0
2017-05-03,220227.0,3476.0,480380.0
2017-05-02,206976.0,585.0,459369.0
2017-05-01,299039.0,114.0,597269.0
2017-04-28,418341.0,2136.0,907865.0
2017-04-27,234702.0,230.0,622170.0
2017-04-26,134091.0,550.0,332475.0
2017-04-25,217970.0,4371.0,569502.0
2017-04-24,143664.0,389.0,440906.0
2017-04-21,89490.0,240.0,258794.0
2017-04-20,122004.0,675.0,274538.0
2017-04-19,148274.0,143.0,276275.0
2017-04-18,98804.0,210.0,264759.0
2017-04-17,101151.0,207.0,251604.0
2017-04-13,113361.0,960.0,234711.0
2017-04-12,87678.0,283.0,312355.0
2017-04-11,87496.0,351.0,238212.0
2017-04-10,83196.0,105.0,261116.0
2017-04-07,82009.0,3336.0,280442.0
2017-04-06,108657.0,802.0,381880.0
2017-04-05,179834.0,1239.0,575598.0
2017-04-04,127357.0,2828.0,379186.0
2017-04-03,192459.0,623.0,657452.0
2017-03-31,141491.0,5234.0,339056.0
2017-03-30,141307.0,135.0,266904.0
2017-03-29,157874.0,322.0,379420.0
2017-03-28,131647.0,260.0,377825.0
2017-03-27,139871.0,4115.0,456661.0
2017-03-24,182553.0,2633.0,504308.0
2017-03-23,343213.0,4898.0,805082.0
2017-03-22,130958.0,3718.0,305024.0
2017-03-21,272767.0,4049.0,655035.0
2017-03-20,146756.0,5215.0,344877.0
2017-03-17,137961.0,4239.0,226691.0
2017-03-16,140502.0,619.0,325695.0
2017-03-15,166957.0,13605.0,347564.0
2017-03-14,114086.0,372.0,292379.0
2017-03-13,114108.0,1091.0,247249.0
2017-03-10,132846.0,65.0,342156.0
2017-03-09,125853.0,468.0,301040.0
2017-03-08,84941.0,351.0,247217.0
2017-03-07,83178.0,740.0,216272.0
2017-03-06,79595.0,280.0,250182.0
2017-03-03,117786.0,1965.0,260844.0
2017-03-02,122929.0,1371.0,302436.0
2017-03-01,183568.0,255.0,510828.0
2017-02-28,111756.0,1262.0,282805.0
2017-02-27,81703.0,1841.0,250603.0
2017-02-24,121660.0,811.0,306357.0
2017-02-23,132851.0,522.0,363194.0
2017-02-22,125783.0,542.0,321036.0
2017-02-17,145721.0,221.0,318247.0
2017-02-16,99695.0,1000.0,318252.0
2017-02-15,128250.0,9003.0,336149.0
2017-02-14,104730.0,71.0,289250.0
2017-02-13,111394.0,1078.0,312727.0
2017-02-10,130574.0,2296.0,313811.0
2017-02-09,147189.0,265.0,302528.0
2017-02-08,146425.0,108.0,321827.0
2017-02-07,235364.0,162.0,505396.0
2017-02-06,117094.0,157.0,332302.0
2017-02-03,173793.0,278.0,410320.0
2017-02-02,183002.0,1183.0,453936.0
2017-02-01,208671.0,1810.0,635822.0
2017-01-31,192857.0,2100.0,577718.0
2017-01-30,326761.0,3762.0,1077944.0
2017-01-27,412138.0,3261.0,1219906.0
2017-01-26,244372.0,1329.0,903534.0
2017-01-25,157720.0,12.0,475128.0
2017-01-24,198816.0,462.0,533676.0
2017-01-23,350110.0,526.0,814991.0
2017-01-20,139684.0,1695.0,266624.0
2017-01-19,110587.0,1004.0,303423.0
2017-01-18,128861.0,4196.0,272564.0
2017-01-17,136207.0,708.0,339920.0
2017-01-13,110591.0,1839.0,284859.0
2017-01-12,125623.0,291.0,316839.0
2017-01-11,126361.0,52.0,278388.0
2017-01-10,112434.0,3903.0,250775.0
2017-01-09,131395.0,505.0,335895.0
2017-01-06,237598.0,1215.0,564412.0
2017-01-05,119338.0,509.0,352314.0
2017-01-04,155941.0,1761.0,477248.0
2017-01-03,212914.0,2326.0,569130.0
2016-12-30,153256.0,3731.0,353758.0
2016-12-29,104830.0,3088.0,274931.0
2016-12-28,107670.0,426.0,252637.0
2016-12-27,81377.0,404.0,218815.0
2016-12-23,41104.0,259.0,129929.0
2016-12-22,99880.0,1502.0,265817.0
2016-12-21,123192.0,1541.0,378224.0
2016-12-20,112823.0,1014.0,304844.0
2016-12-19,113259.0,202.0,334913.0
2016-12-16,189945.0,245.0,412097.0
2016-12-15,200389.0,526.0,492799.0
2016-12-14,263604.0,3749.0,461333.0
2016-12-13,237779.0,5682.0,482769.0
2016-12-12,139062.0,322.0,377135.0
2016-12-09,215913.0,1640.0,527438.0
2016-12-08,197008.0,1049.0,453274.0
2016-12-07,229741.0,719.0,526851.0
2016-12-06,195833.0,553.0,466635.0
2016-12-05,160860.0,788.0,433122.0
2016-12-02,158193.0,5626.0,420710.0
2016-12-01,344969.0,3869.0,873557.0
2016-11-30,28285.0,0.0,75852.0
2016-11-29,134047.0,539.0,396727.0
2016-11-28,181548.0,3604.0,512947.0
2016-11-25,50532.0,84.0,164548.0
2016-11-23,125416.0,461.0,322167.0
2016-11-22,165831.0,264.0,412421.0
2016-11-21,167946.0,2473.0,400381.0
2016-11-18,188031.0,257.0,453662.0
2016-11-17,222906.0,956.0,459477.0
2016-11-16,208204.0,1748.0,592233.0
2016-11-15,304259.0,3751.0,922149.0
2016-11-14,333954.0,2207.0,1110961.0
2016-11-11,276052.0,316.0,1042589.0
2016-11-10,601058.0,1813.0,1754149.0
2016-11-09,426133.0,1135.0,827587.0
2016-11-08,197336.0,1803.0,491777.0
2016-11-07,213387.0,885.0,630890.0
2016-11-04,191084.0,3486.0,557856.0
2016-11-03,249162.0,1684.0,633042.0
2016-11-02,205483.0,2517.0,599705.0
2016-11-01,30332.0,0.0,103267.0
2016-10-31,178287.0,1297.0,572908.0
2016-10-28,549319.0,1143.0,1443068.0
2016-10-27,196761.0,314.0,585556.0
2016-10-26,137386.0,444.0,444619.0
2016-10-25,179459.0,517.0,527129.0
2016-10-24,139497.0,1887.0,415421.0
2016-10-21,183487.0,656.0,390337.0
2016-10-20,150725.0,1127.0,330351.0
2016-10-19,149382.0,927.0,358137.0
2016-10-18,234936.0,410.0,603615.0
2016-10-17,127499.0,1139.0,266395.0
2016-10-14,109695.0,366.0,254240.0
2016-10-13,146887.0,1303.0,303320.0
2016-10-12,92251.0,520.0,214688.0
2016-10-11,170376.0,640.0,437436.0
2016-10-10,165772.0,503.0,402673.0
2016-10-07,111829.0,430.0,263602.0
2016-10-06,121507.0,904.0,259099.0
2016-10-05,128894.0,211.0,351903.0
2016-10-04,152218.0,273.0,308767.0
2016-10-03,193787.0,1631.0,365234.0
2016-09-30,115596.0,20.0,337082.0
2016-09-29,152832.0,484.0,350622.0
2016-09-28,179781.0,1969.0,368622.0
2016-09-27,150676.0,202.0,338946.0
2016-09-26,153421.0,352.0,362233.0
2016-09-23,170285.0,228.0,378148.0
2016-09-22,178444.0,605.0,428990.0
2016-09-21,132969.0,688.0,334427.0
2016-09-20,85537.0,1664.0,207512.0
2016-09-19,98142.0,394.0,258203.0
2016-09-16,125724.0,598.0,298019.0
2016-09-15,168976.0,395.0,346232.0
2016-09-14,130295.0,948.0,331704.0
2016-09-13,176361.0,5963.0,579121.0
2016-09-12,193298.0,430.0,495417.0
2016-09-09,194531.0,1210.0,413889.0
2016-09-08,84744.0,302.0,261843.0
2016-09-07,125042.0,760.0,298473.0
2016-09-06,257429.0,1259.0,476789.0
2016-09-02,184652.0,117.0,310630.0
2016-09-01,15335.0,200.0,88111.0
2016-08-31,70642.0,1243.0,221153.0
2016-08-30,81892.0,2636.0,243750.0
2016-08-29,72520.0,556.0,185132.0
2016-08-26,105361.0,752.0,251102.0
2016-08-25,121118.0,1979.0,265012.0
2016-08-24,99159.0,791.0,294133.0
2016-08-23,81302.0,862.0,205064.0
2016-08-22,85073.0,37.0,196024.0
2016-08-19,73882.0,450.0,208676.0
2016-08-18,70177.0,903.0,192407.0
2016-08-17,120485.0,149.0,255973.0
2016-08-16,78309.0,135.0,236175.0
2016-08-15,84600.0,616.0,260202.0
2016-08-12,58496.0,161.0,196520.0
2016-08-11,82566.0,565.0,255832.0
2016-08-10,101076.0,940.0,284496.0
2016-08-09,133669.0,191.0,361963.0
2016-08-08,95937.0,440.0,266380.0
2016-08-05,192782.0,1752.0,391525.0
2016-08-04,128724.0,138.0,265898.0
2016-08-03,209511.0,1367.0,349427.0
2016-08-02,303016.0,706.0,520672.0
2016-08-01,90418.0,102.0,203492.0
2016-07-29,597277.0,11344.0,1459732.0
2016-07-28,299652.0,1396.0,726384.0
2016-07-27,123932.0,497.0,286306.0
2016-07-26,125733.0,1281.0,262018.0
2016-07-25,91543.0,2799.0,204338.0
2016-07-22,135669.0,57.0,241697.0
2016-07-21,107309.0,678.0,219787.0
2016-07-20,179339.0,451.0,283064.0
2016-07-19,167169.0,965.0,413788.0
2016-07-18,247687.0,255.0,510848.0
2016-07-15,145420.0,929.0,273924.0
2016-07-14,130229.0,1818.0,242614.0
2016-07-13,103400.0,989.0,228964.0
2016-07-12,175396.0,293.0,325484.0
2016-07-11,131054.0,620.0,356984.0
2016-07-08,147660.0,2889.0,328555.0
2016-07-07,131166.0,174.0,229232.0
2016-07-06,165094.0,1210.0,330333.0
2016-07-05,136728.0,979.0,311029.0
2016-07-01,38175.0,0.0,77533.0
2016-06-30,133981.0,4682.0,483377.0
2016-06-29,204265.0,523.0,568725.0
2016-06-28,190155.0,5.0,435240.0
2016-06-27,345979.0,764.0,677964.0
2016-06-24,527427.0,756.0,1057225.0
2016-06-23,255551.0,290.0,524057.0
2016-06-22,142372.0,100.0,312639.0
2016-06-21,178715.0,565.0,388922.0
2016-06-20,187674.0,153.0,444483.0
2016-06-17,451365.0,1308.0,898235.0
2016-06-16,314143.0,1030.0,588236.0
2016-06-15,119067.0,602.0,236278.0
2016-06-14,149644.0,436.0,312507.0
2016-06-13,113556.0,679.0,237390.0
2016-06-10,149101.0,537.0,321064.0
2016-06-09,115803.0,36.0,265637.0
2016-06-08,182756.0,1978.0,402386.0
2016-06-07,142376.0,2033.0,297529.0
2016-06-06,202984.0,609.0,398730.0
2016-06-03,130333.0,364.0,261214.0
2016-06-02,249149.0,66.0,447114.0
2016-06-01,18833.0,0.0,43421.0
2016-05-31,218292.0,23.0,427271.0
2016-05-27,196218.0,622.0,376812.0
2016-05-26,132443.0,507.0,321427.0
2016-05-25,181531.0,285.0,391967.0
2016-05-24,185770.0,549.0,398881.0
2016-05-23,126144.0,400.0,256067.0
2016-05-20,113509.0,100.0,323538.0
2016-05-19,144647.0,307.0,357989.0
2016-05-18,196518.0,10.0,385823.0
2016-05-17,177477.0,2144.0,312343.0
2016-05-16,121303.0,1477.0,261813.0
2016-05-13,156825.0,760.0,282333.0
2016-05-12,220699.0,216.0,349718.0
2016-05-11,212399.0,3135.0,371722.0
2016-05-10,226309.0,2495.0,415493.0
2016-05-09,244937.0,1397.0,439535.0
2016-05-06,255097.0,1108.0,549025.0
2016-05-05,190001.0,2010.0,370980.0
2016-05-04,164155.0,151.0,349777.0
2016-05-03,249650.0,1765.0,462744.0
2016-05-02,161334.0,1591.0,396669.0
2016-04-29,253018.0,4701.0,704721.0
2016-04-28,342875.0,5505.0,921596.0
2016-04-27,340900.0,1694.0,833041.0
2016-04-26,258025.0,1924.0,817292.0
2016-04-25,258248.0,6614.0,562502.0
2016-04-22,881427.0,10435.0,2006341.0
2016-04-21,311037.0,1847.0,684955.0
2016-04-20,191061.0,1732.0,391866.0
2016-04-19,255746.0,412.0,573545.0
2016-04-18,175511.0,744.0,456325.0
2016-04-15,191380.0,578.0,324722.0
2016-04-14,225466.0,22.0,357910.0
2016-04-13,231373.0,145.0,554451.0
2016-04-12,155546.0,3371.0,360801.0
2016-04-11,201548.0,68.0,462798.0
2016-04-08,136512.0,332.0,285388.0
2016-04-07,154973.0,218.0,260865.0
2016-04-06,193365.0,9672.0,309551.0
2016-04-05,174895.0,437.0,295322.0
2016-04-04,187764.0,1039.0,328692.0
2016-04-01,44798.0,0.0,100801.0
2016-03-31,185286.0,2996.0,377926.0
2016-03-30,314158.0,3025.0,620544.0
2016-03-29,268995.0,7886.0,519910.0
2016-03-28,126909.0,3080.0,271453.0
2016-03-24,179460.0,7123.0,338215.0
2016-03-23,192960.0,404.0,298343.0
2016-03-22,133973.0,1592.0,280329.0
2016-03-21,185007.0,7453.0,307266.0
2016-03-18,200276.0,14.0,351306.0
2016-03-17,360687.0,3932.0,624532.0
2016-03-16,186527.0,518.0,332597.0
2016-03-15,193313.0,252.0,340051.0
2016-03-14,188968.0,136.0,367778.0
2016-03-11,207115.0,733.0,428282.0
2016-03-10,312059.0,608.0,573182.0
2016-03-09,210446.0,430.0,406837.0
2016-03-08,220588.0,131.0,570487.0
2016-03-07,373363.0,5832.0,893689.0
2016-03-04,257928.0,2015.0,617140.0
2016-03-03,231426.0,1983.0,520488.0
2016-03-02,201116.0,702.0,451400.0
2016-03-01,89716.0,100.0,184244.0
2016-02-29,240456.0,3795.0,545798.0
2016-02-26,204219.0,3200.0,576513.0
2016-02-25,194765.0,9874.0,473480.0
2016-02-24,169576.0,2353.0,516586.0
2016-02-23,256698.0,1720.0,547848.0
2016-02-22,152497.0,2322.0,523386.0
2016-02-19,205755.0,1248.0,451335.0
2016-02-18,283980.0,400.0,712835.0
2016-02-17,255231.0,1126.0,690067.0
2016-02-16,286742.0,1480.0,609820.0
2016-02-12,365113.0,7568.0,711877.0
2016-02-11,458290.0,2457.0,997165.0
2016-02-10,512213.0,1153.0,971203.0
2016-02-09,671953.0,4883.0,1410005.0
2016-02-08,476167.0,3408.0,1452964.0
2016-02-05,711510.0,6483.0,1672002.0
2016-02-04,635293.0,3795.0,1479537.0
2016-02-03,969998.0,8256.0,1977419.0
2016-02-02,984889.0,9073.0,2026222.0
2016-02-01,85541.0,0.0,303107.0
2016-01-29,424809.0,1860.0,871895.0
2016-01-28,360828.0,236.0,792844.0
2016-01-27,262712.0,7626.0,586853.0
2016-01-26,260965.0,422.0,463318.0
2016-01-25,329652.0,808.0,662772.0
2016-01-22,276065.0,70.0,497083.0
2016-01-21,351732.0,347.0,677046.0
2016-01-20,554908.0,1244.0,1138757.0
2016-01-19,253599.0,1938.0,612720.0
2016-01-15,450985.0,1664.0,892314.0
2016-01-14,282422.0,423.0,673626.0
2016-01-13,337218.0,2559.0,659771.0
2016-01-12,404292.0,1705.0,636833.0
2016-01-11,340931.0,760.0,784650.0
2016-01-08,274639.0,1630.0,592734.0
2016-01-07,411652.0,566.0,739597.0
2016-01-06,230119.0,441.0,566526.0
2016-01-05,296678.0,25593.0,502048.0
2016-01-04,518306.0,9418.0,795741.0
2015-12-31,191178.0,2767.0,335511.0
2015-12-30,204031.0,2831.0,390668.0
2015-12-29,272501.0,1894.0,528578.0
2015-12-28,265800.0,1513.0,444203.0
2015-12-24,50780.0,1673.0,88523.0
2015-12-23,191373.0,3609.0,369408.0
2015-12-22,213752.0,901.0,394180.0
2015-12-21,173772.0,4749.0,442476.0
2015-12-18,258157.0,1149.0,561697.0
2015-12-17,240845.0,320.0,439060.0
2015-12-16,319961.0,162.0,628520.0
2015-12-15,260741.0,182.0,597633.0
2015-12-14,282765.0,655.0,836270.0
2015-12-11,299062.0,1646.0,560035.0
2015-12-10,143136.0,1917.0,410079.0
2015-12-09,282237.0,2433.0,593836.0
2015-12-08,162304.0,218.0,361183.0
2015-12-07,217167.0,626.0,425556.0
2015-12-04,189981.0,623.0,468586.0
2015-12-03,215608.0,549.0,494484.0
2015-12-02,239185.0,2584.0,565151.0
2015-12-01,282205.0,321.0,560543.0
2015-11-30,118395.0,437.0,316150.0
2015-11-27,83651.0,5091.0,180257.0
2015-11-25,124263.0,5041.0,265356.0
2015-11-24,267602.0,3993.0,647156.0
2015-11-23,189378.0,3056.0,448148.0
2015-11-20,342641.0,1945.0,863899.0
2015-11-19,147807.0,1264.0,306131.0
2015-11-18,192165.0,7996.0,354345.0
2015-11-17,184570.0,3859.0,394102.0
2015-11-16,252554.0,3640.0,495094.0
2015-11-13,233579.0,1188.0,517924.0
2015-11-12,193321.0,484.0,363878.0
2015-11-11,288136.0,1265.0,534860.0
2015-11-10,162919.0,45.0,311169.0
2015-11-09,272187.0,2878.0,513933.0
2015-11-06,221035.0,3410.0,432904.0
2015-11-05,385751.0,3826.0,610949.0
2015-11-04,303764.0,2383.0,610534.0
2015-11-03,221091.0,3120.0,455698.0
2015-11-02,259373.0,1416.0,569051.0
2015-10-30,203759.0,1958.0,428586.0
2015-10-29,233375.0,2670.0,396520.0
2015-10-28,222969.0,3870.0,672202.0
2015-10-27,232394.0,2274.0,425397.0
2015-10-26,282372.0,15198.0,615211.0
2015-10-23,804713.0,14468.0,1671799.0
2015-10-22,256440.0,2660.0,1027848.0
2015-10-21,128800.0,1075.0,334205.0
2015-10-20,228412.0,5289.0,679057.0
2015-10-19,187554.0,2975.0,344581.0
2015-10-16,257315.0,2506.0,422749.0
2015-10-15,342760.0,507.0,580115.0
2015-10-14,180282.0,1025.0,411291.0
2015-10-13,258380.0,1942.0,490362.0
2015-10-12,179785.0,964.0,322060.0
2015-10-09,170414.0,1.0,359167.0
2015-10-08,185226.0,961.0,594395.0
2015-10-07,206747.0,742.0,547067.0
2015-10-06,262924.0,14536.0,562055.0
2015-10-05,313114.0,1867.0,525835.0
2015-10-02,246432.0,2832.0,467653.0
2015-10-01,221168.0,1256.0,421031.0
2015-09-30,211785.0,654.0,496133.0
2015-09-29,228923.0,3400.0,469223.0
2015-09-28,199163.0,3261.0,608050.0
2015-09-25,206780.0,3320.0,540161.0
2015-09-24,213115.0,5828.0,447620.0
2015-09-23,133252.0,4117.0,266377.0
2015-09-22,305645.0,6758.0,514478.0
2015-09-21,214051.0,2684.0,379211.0
2015-09-18,228719.0,146.0,491493.0
2015-09-17,301895.0,688.0,551846.0
2015-09-16,113053.0,49.0,255664.0
2015-09-15,161205.0,551.0,400094.0
2015-09-14,94848.0,7.0,242321.0
2015-09-11,122242.0,3012.0,295271.0
2015-09-10,105495.0,310.0,308675.0
2015-09-09,186572.0,1204.0,511049.0
2015-09-08,193593.0,0.0,514358.0
2015-09-04,158173.0,9.0,418303.0
2015-09-03,154804.0,4120.0,367125.0
2015-09-02,141862.0,1611.0,365595.0
2015-09-01,258226.0,157.0,573926.0
2015-08-31,215943.0,3193.0,470547.0
2015-08-28,138603.0,2307.0,440772.0
2015-08-27,283925.0,2525.0,690909.0
2015-08-26,382803.0,7027.0,897653.0
2015-08-25,305249.0,7313.0,728792.0
2015-08-24,532465.0,2675.0,1354351.0
2015-08-21,351718.0,2644.0,881663.0
2015-08-20,249475.0,2826.0,587450.0
2015-08-19,244042.0,5921.0,555720.0
2015-08-18,138438.0,4200.0,332589.0
2015-08-17,175818.0,4709.0,328068.0
2015-08-14,171343.0,2553.0,303685.0
2015-08-13,174421.0,2167.0,446601.0
2015-08-12,364255.0,835.0,806298.0
2015-08-11,644084.0,2170.0,1337170.0
2015-08-10,96309.0,600.0,325042.0
2015-08-07,131078.0,2301.0,322175.0
2015-08-06,249403.0,342.0,512544.0
2015-08-05,225499.0,11.0,461113.0
2015-08-04,136421.0,1476.0,275138.0
2015-08-03,223034.0,0.0,437784.0
2015-07-31,191847.0,1680.0,409765.0
2015-07-30,253362.0,1757.0,559687.0
2015-07-29,209708.0,2265.0,468129.0
2015-07-28,182550.0,1202.0,417461.0
2015-07-27,276962.0,9082.0,605414.0
2015-07-24,377690.0,11257.0,1007132.0
2015-07-23,332136.0,6984.0,1016473.0
2015-07-22,642196.0,6576.0,1159272.0
2015-07-21,361164.0,7951.0,990019.0
2015-07-20,435520.0,7694.0,1312552.0
2015-07-17,1408314.0,16481.0,3643482.0
2015-07-16,509345.0,978.0,1162047.0
2015-07-15,276876.0,58.0,514968.0
2015-07-14,637011.0,1791.0,1067912.0
2015-07-13,335761.0,960.0,494019.0
2015-07-10,269013.0,639.0,447411.0
2015-07-09,150364.0,1844.0,320174.0
2015-07-08,138112.0,584.0,260012.0
2015-07-07,193587.0,1269.0,387233.0
2015-07-06,160187.0,162.0,283012.0
2015-07-02,249014.0,1750.0,352856.0
2015-07-01,190409.0,47.0,422000.0
2015-06-30,169780.0,105.0,364027.0
2015-06-29,213581.0,567.0,416937.0
2015-06-26,192973.0,4727.0,363929.0
2015-06-25,156357.0,622.0,279227.0
2015-06-24,154178.0,1933.0,311330.0
2015-06-23,209819.0,2071.0,368995.0
2015-06-22,185872.0,2584.0,344932.0
2015-06-19,220566.0,3573.0,516905.0
2015-06-18,215646.0,1205.0,388474.0
2015-06-17,123476.0,751.0,256617.0
2015-06-16,123546.0,5300.0,328223.0
2015-06-15,109579.0,1630.0,273511.0
2015-06-12,125126.0,2103.0,298112.0
2015-06-11,120050.0,200.0,311616.0
2015-06-10,156944.0,111.0,357713.0
2015-06-09,117355.0,10.0,306580.0
2015-06-08,142713.0,460.0,350402.0
2015-06-05,91115.0,1333.0,273521.0
2015-06-04,82827.0,43.0,201195.0
2015-06-03,118246.0,0.0,301454.0
2015-06-02,165143.0,715.0,374682.0
2015-06-01,147365.0,2601.0,365542.0
2015-05-29,174315.0,362.0,381666.0
2015-05-28,121063.0,570.0,270263.0
2015-05-27,321494.0,1848.0,532915.0
2015-05-26,229084.0,3520.0,437307.0
2015-05-22,158920.0,10324.0,272321.0
2015-05-21,367397.0,4946.0,485148.0
2015-05-20,218785.0,205.0,350296.0
2015-05-19,230625.0,233.0,607961.0
2015-05-18,161782.0,1713.0,285068.0
2015-05-15,207361.0,1941.0,418531.0
2015-05-14,163401.0,113.0,364709.0
2015-05-13,100576.0,14.0,312740.0
2015-05-12,156364.0,962.0,393780.0
2015-05-11,96820.0,230.0,214269.0
2015-05-08,156172.0,1443.0,336091.0
2015-05-07,178497.0,821.0,365815.0
2015-05-06,212273.0,1885.0,448256.0
2015-05-05,158764.0,208.0,295644.0
2015-05-04,169412.0,2120.0,338036.0
2015-05-01,196266.0,1447.0,392237.0
2015-04-30,264059.0,2611.0,530296.0
2015-04-29,198298.0,1298.0,357900.0
2015-04-28,186098.0,1844.0,379130.0
2015-04-27,220282.0,818.0,663078.0
2015-04-24,678802.0,9595.0,1171186.0
2015-04-23,374627.0,1301.0,716682.0
2015-04-22,169167.0,3089.0,310552.0
2015-04-21,119945.0,2100.0,293959.0
2015-04-20,170603.0,11231.0,418786.0
2015-04-17,158303.0,570.0,627917.0
2015-04-16,95377.0,200.0,331879.0
2015-04-15,135151.0,337.0,484821.0
2015-04-14,216921.0,25.0,574239.0
2015-04-13,145458.0,300.0,313105.0
2015-04-10,92489.0,260.0,263679.0
2015-04-09,171026.0,17.0,414953.0
2015-04-08,130731.0,126.0,298384.0
2015-04-07,80591.0,1019.0,243982.0
2015-04-06,128941.0,286.0,335565.0
2015-04-02,214400.0,1420.0,648573.0
2015-04-01,158283.0,286.0,387857.0
2015-03-31,125652.0,149.0,340601.0
2015-03-30,130668.0,936.0,279235.0
2015-03-27,172481.0,11960.0,331912.0
2015-03-26,277134.0,1247.0,574572.0
2015-03-25,341066.0,3639.0,609715.0
2015-03-24,412003.0,9797.0,875477.0
2015-03-23,163270.0,7589.0,343133.0
2015-03-20,122874.0,5857.0,279103.0
2015-03-19,121865.0,3995.0,259864.0
2015-03-18,158979.0,1743.0,386074.0
2015-03-17,119180.0,830.0,341365.0
2015-03-16,214031.0,960.0,513084.0
2015-03-13,192195.0,2689.0,386627.0
2015-03-12,113996.0,105.0,371261.0
2015-03-11,142469.0,208.0,399671.0
2015-03-10,174449.0,360.0,453155.0
2015-03-09,96080.0,618.0,283835.0
2015-03-06,211463.0,800.0,412925.0
2015-03-05,260829.0,0.0,581325.0
2015-03-04,218390.0,200.0,422241.0
2015-03-03,298862.0,1324.0,590105.0
2015-03-02,235943.0,4045.0,509108.0
2015-02-27,390099.0,9280.0,860137.0
2015-02-26,350080.0,6878.0,741982.0
2015-02-25,234930.0,3145.0,577609.0
2015-02-24,98970.0,2189.0,285709.0
2015-02-23,121715.0,4201.0,376021.0
2015-02-20,127129.0,3480.0,393060.0
2015-02-19,131086.0,3371.0,325971.0
2015-02-18,102870.0,2696.0,287953.0
2015-02-17,168034.0,2967.0,458562.0
2015-02-13,265665.0,720.0,576342.0
2015-02-12,277463.0,865.0,586764.0
2015-02-11,180179.0,200.0,444325.0
2015-02-10,264343.0,1500.0,510299.0
2015-02-09,178374.0,130.0,369441.0
2015-02-06,319075.0,700.0,576134.0
2015-02-05,162206.0,0.0,381973.0
2015-02-04,179292.0,539.0,410645.0
2015-02-03,220678.0,300.0,479749.0
2015-02-02,390237.0,450.0,806314.0
2015-01-30,771564.0,2097.0,1470451.0
2015-01-29,385363.0,2200.0,858566.0
2015-01-28,179390.0,17.0,418061.0
2015-01-27,232785.0,121.0,505208.0
2015-01-26,185723.0,605.0,427883.0
2015-01-23,268737.0,200.0,513619.0
2015-01-22,383739.0,265.0,717039.0
2015-01-21,266467.0,600.0,505920.0
2015-01-20,240508.0,700.0,514251.0
2015-01-16,175520.0,9912.0,585584.0
2015-01-15,239519.0,10924.0,628818.0
2015-01-14,269271.0,9437.0,636228.0
2015-01-13,302434.0,2927.0,741459.0
2015-01-12,295712.0,10710.0,818642.0
2015-01-09,256525.0,351.0,526578.0
2015-01-08,327434.0,442.0,952030.0
2015-01-07,276081.0,302.0,564600.0
2015-01-05,157599.0,222.0,378347.0
2015-01-02,94949.0,169.0,310555.0
2014-12-31,84582.0,1268.0,271418.0
2014-12-30,53613.0,303.0,251439.0
2014-12-29,117286.0,210.0,1302136.0
2014-12-26,115903.0,100.0,242948.0
2014-12-24,75214.0,700.0,190716.0
2014-12-23,204259.0,1300.0,754841.0
2014-12-22,299845.0,650.0,689985.0
2014-12-19,230218.0,700.0,714171.0
2014-12-18,328254.0,807.0,813918.0
2014-12-17,386716.0,200.0,960005.0
2014-12-16,355670.0,2850.0,1218520.0
2014-12-15,203168.0,6423.0,668547.0
2014-12-12,223542.0,878.0,547473.0
2014-12-11,205234.0,1139.0,543561.0
2014-12-10,245892.0,2166.0,617246.0
2014-12-09,131243.0,896.0,495789.0
2014-12-08,195790.0,2118.0,814454.0
2014-12-05,205954.0,1879.0,714628.0
2014-12-04,98081.0,2462.0,378555.0
2014-12-03,126775.0,201.0,355839.0
2014-12-02,113117.0,691.0,463421.0
2014-12-01,144635.0,25.0,396928.0
2014-11-28,99948.0,111.0,333051.0
2014-11-26,87166.0,469.0,345371.0
2014-11-25,89831.0,200.0,447212.0
2014-11-24,97712.0,8.0,434872.0
2014-11-21,214352.0,0.0,636981.0
2014-11-20,184339.0,110.0,392858.0
2014-11-19,119884.0,600.0,377844.0
2014-11-18,146260.0,200.0,458415.0
2014-11-17,151842.0,100.0,382075.0
2014-11-14,105079.0,2618.0,383269.0
2014-11-13,125803.0,9207.0,287840.0
2014-11-12,105498.0,2843.0,256671.0
2014-11-11,87348.0,9004.0,259049.0
2014-11-10,177402.0,1308.0,366757.0
2014-11-07,162117.0,355.0,418238.0
2014-11-06,99554.0,708.0,413930.0
2014-11-05,198906.0,793.0,399750.0
2014-11-04,98442.0,0.0,261163.0
2014-11-03,95992.0,200.0,319731.0
2014-10-31,193008.0,500.0,498724.0
2014-10-30,163142.0,1400.0,344784.0
2014-10-29,227658.0,1200.0,504014.0
2014-10-28,128356.0,300.0,402536.0
2014-10-27,154258.0,2.0,356480.0
2014-10-24,192944.0,800.0,509144.0
2014-10-23,204691.0,100.0,507932.0
2014-10-22,375067.0,704.0,738534.0
2014-10-21,311503.0,129.0,690829.0
2014-10-20,307645.0,1322.0,740737.0
2014-10-17,645352.0,5913.0,1530170.0
2014-10-16,341959.0,2000.0,727660.0
2014-10-15,336315.0,10705.0,981581.0
2014-10-14,235191.0,5674.0,521013.0
2014-10-13,307205.0,1325.0,599469.0
2014-10-10,246718.0,500.0,666044.0
2014-10-09,177963.0,0.0,449987.0
2014-10-08,200301.0,104.0,489855.0
2014-10-07,139314.0,300.0,306193.0
2014-10-06,131700.0,200.0,286470.0
2014-10-03,101376.0,100.0,232766.0
2014-10-02,154137.0,100.0,406561.0
2014-10-01,146102.0,0.0,309138.0
2014-09-30,190449.0,1100.0,321968.0
2014-09-29,159476.0,695.0,311904.0
2014-09-26,120571.0,903.0,235169.0
2014-09-25,149045.0,800.0,332695.0
2014-09-24,119487.0,100.0,312155.0
2014-09-23,141567.0,433.0,329387.0
2014-09-22,173036.0,2600.0,370829.0
2014-09-19,347133.0,200.0,651290.0
2014-09-18,116505.0,0.0,350553.0
2014-09-17,147972.0,250.0,311110.0
2014-09-16,118562.0,0.0,270651.0
2014-09-15,144400.0,225.0,345546.0
2014-09-12,115156.0,3909.0,279812.0
2014-09-11,137283.0,4329.0,268826.0
2014-09-10,127146.0,4306.0,270499.0
2014-09-09,158465.0,7874.0,362820.0
2014-09-08,156550.0,3445.0,383132.0
2014-09-05,160416.0,35.0,319350.0
2014-09-04,180514.0,0.0,372138.0
2014-09-03,179421.0,10.0,405670.0
2014-09-02,171487.0,245.0,310833.0
2014-08-29,119688.0,409.0,269702.0
2014-08-28,126307.0,301.0,334128.0
2014-08-27,129420.0,1089.0,330712.0
2014-08-26,131656.0,0.0,352088.0
2014-08-25,131228.0,157.0,320194.0
2014-08-22,95359.0,105.0,190311.0
2014-08-21,121380.0,2000.0,271036.0
2014-08-20,111895.0,50.0,227356.0
2014-08-19,131577.0,100.0,253743.0
2014-08-18,151226.0,0.0,330473.0
2014-08-15,112803.0,1015.0,279294.0
2014-08-14,103242.0,1316.0,231772.0
2014-08-13,160747.0,1035.0,341888.0
2014-08-12,102837.0,1060.0,209396.0
2014-08-11,111273.0,970.0,273633.0
2014-08-08,136463.0,200.0,286579.0
2014-08-07,129047.0,380.0,261570.0
2014-08-06,114984.0,972.0,241774.0
2014-08-05,150731.0,315.0,398825.0
2014-08-04,157685.0,0.0,332210.0
2014-08-01,163719.0,300.0,482294.0
2014-07-31,173405.0,144.0,528184.0
2014-07-30,101647.0,1579.0,273386.0
2014-07-29,115011.0,1876.0,284486.0
2014-07-28,93565.0,0.0,302223.0
2014-07-25,124291.0,340.0,326092.0
2014-07-24,120665.0,300.0,296894.0
2014-07-23,98006.0,200.0,257764.0
2014-07-22,197882.0,600.0,540772.0
2014-07-21,173626.0,0.0,559504.0
2014-07-18,556372.0,1341.0,1365901.0
2014-07-17,230623.0,4025.0,679572.0
2014-07-16,143459.0,2068.0,337770.0
2014-07-15,172139.0,457.0,337457.0
2014-07-14,198492.0,488.0,450641.0
2014-07-11,119216.0,100.0,343604.0
2014-07-10,137194.0,300.0,339351.0
2014-07-09,93767.0,310.0,315330.0
2014-07-08,190516.0,1755.0,517701.0
2014-07-07,121681.0,700.0,347132.0
2014-07-03,52101.0,1198.0,207067.0
2014-07-02,100946.0,922.0,358639.0
2014-07-01,170238.0,200.0,405101.0
2014-06-30,110201.0,1900.0,303518.0
2014-06-27,160919.0,0.0,326037.0
2014-06-26,215209.0,800.0,496495.0
2014-06-25,217238.0,200.0,568183.0
2014-06-24,327335.0,4869.0,967961.0
2014-06-23,191153.0,0.0,446426.0
2014-06-20,177269.0,2200.0,396076.0
2014-06-19,420473.0,50.0,712976.0
2014-06-18,180616.0,0.0,492746.0
2014-06-17,84304.0,39.0,351049.0
2014-06-16,186441.0,1593.0,412204.0
2014-06-13,118140.0,1524.0,285191.0
2014-06-12,112985.0,2523.0,388398.0
2014-06-11,98000.0,3461.0,238861.0
2014-06-10,146070.0,8564.0,332020.0
2014-06-09,162253.0,3200.0,351485.0
2014-06-06,123156.0,406.0,320201.0
2014-06-05,165209.0,200.0,423729.0
2014-06-04,147973.0,130.0,381512.0
2014-06-03,196642.0,2824.0,509645.0
2014-06-02,223102.0,320.0,477584.0
2014-05-30,118996.0,0.0,281006.0
2014-05-29,133276.0,900.0,333799.0
2014-05-28,229528.0,1217.0,408571.0
2014-05-27,267315.0,500.0,547274.0
2014-05-23,278813.0,0.0,686839.0
2014-05-22,283652.0,200.0,564894.0
2014-05-21,176024.0,143.0,378373.0
2014-05-20,273499.0,0.0,571419.0
2014-05-19,313843.0,0.0,581225.0
2014-05-16,207983.0,10474.0,481085.0
2014-05-15,187938.0,3308.0,373389.0
2014-05-14,187696.0,1848.0,349095.0
2014-05-13,224487.0,10012.0,495905.0
2014-05-12,232368.0,4420.0,465221.0
2014-05-09,166281.0,500.0,547326.0
2014-05-08,269211.0,105.0,629545.0
2014-05-07,307942.0,612.0,723019.0
2014-05-06,197959.0,725.0,444203.0
2014-05-05,160280.0,105.0,342579.0
2014-05-02,223057.0,100.0,396446.0
2014-05-01,265620.0,0.0,622347.0
2014-04-30,209901.0,1400.0,461932.0
2014-04-29,268911.0,0.0,611498.0
2014-04-28,423921.0,523.0,997300.0
2014-04-25,268069.0,476.0,608465.0
2014-04-24,188942.0,3073.0,549153.0
2014-04-23,203361.0,940.0,423458.0
2014-04-22,216189.0,15.0,611068.0
2014-04-21,233154.0,544.0,609320.0
2014-04-17,738328.0,6900.0,1638061.0
2014-04-16,427839.0,1200.0,1221644.0
2014-04-15,480099.0,2720.0,1067148.0
2014-04-14,327240.0,1743.0,688536.0
2014-04-11,371198.0,249.0,798379.0
2014-04-10,381071.0,367.0,831873.0
2014-04-09,319938.0,1701.0,812823.0
2014-04-08,494117.0,5.0,1019518.0
2014-04-07,440648.0,633.0,1191767.0
2014-04-04,616647.0,100.0,1838397.0
2014-04-03,735886.0,831.0,1497327.0
